id,category,keywords,title,content
"informasi_kampus_0","profil","informasi kampus","Informasi Kampus","Update informasi Terbaru Dari Universitas CIC Cirebon"
"info_pmb_1","profil","info","Info PMB","Informasi Mengenai Penerimaan Mahasiswa Baru Universitas CIC"
"berita_seputar_kampus_2","profil","berita seputar kampus","Berita Seputar Kampus","Program Studi Sistem Informasi UCIC Raih Akreditasi “Baik Sekali” dari LAM INFOKOM Lihat Selengkapnya"
"kegiatan_kampus_3","profil","kegiatan kampus","Kegiatan Kampus","FTI UCIC Lakukan Benchmarking Kurikulum ke FSI UNJANI: Sinergi Menuju Kurikulum Adaptif dan Kolaboratif Lihat Selengkapnya"
"mahasiswa_berprestasi_4","profil","mahasiswa berprestasi","Mahasiswa Berprestasi","Nopi Fitrianingsih S1 - Sistem Informasi Komputerisasi Akutansi Raihan IPK Terbaik dari jurusan Sistem Informasi Komputer Akutansi Angkatan 2016 dengan IPK 3,95 Kristianto S1 - Teknik Informatika Raihan IPK Terbaik dari jurusan Teknik Informatika Angkatan 2016 dengan IPK 4,00. Noni Apriliani S1 - Teknik Informatika Peraih IPK Terbaik dari jurusan Teknik Informatika Angkatan 2017 dengan Raihan IPK 4,00"
"kata_sambutan_rektor_universitas_cic_0","profil","kata sambutan rektor universitas","Kata Sambutan Rektor - Universitas CIC","Assalamu'alaikum Wr.Wb.,  Salam Sejahtera, Puji syukur ke hadirat Tuhan Yang Maha Esa, yang tidak henti-hentinya mencurahkan Rahmat dan HidayahNya bagi kita semua. Kehadiran website Universitas CIC yang mudah diakses, akurat dan informatif, kiranya dapat mempermudah bagi keluarga besar civitas akademika Universitas CIC dan masyarakat luas untuk mendapatkan informasi tentang Universitas CIC, pendaftaran, Beasiswa, Sistem Informasi Manajemen Akademik (SIMAK), perpustakaan, kegiatan Olahraga, Iptek, Seni Budaya, Penelitian dan informasi lainnya. Pendirian Universitas CIC diawali dengan berdirinya Lembaga Pendidikan Kursus dan Pelatihan CIC (dahulu Cirebon Institute of Computer) pada tanggal 13 Januari 1984, yang berarti sudah lebih dari 30 tahun secara konsisten dan komitmen berkiprah di dunia pendidikan. Pada tahun 1999 Lembaga Pendidikan CIC mengembangkan diri dengan mendirikan Sekolah Tinggi Manajemen Informatika dan Komputer Catur Insan Cendekia (STMIK CIC) dengan ijin operasional resmi dari Menteri Pendidikan Nasional nomer 123/D/O/1999 dan pada tanggal 21 Oktober 2019 STMIK CIC beralih status menjadi Universitas CIC yang telah disahkan oleh kemenristekdik. Konsistensi Universitas CIC sebagai IT (Information Technology) SCHOOL diharapkan mampu memberikan kontribusi positif berupa ilmu pengetahuan berbasis IT kepada dunia usaha dan industri serta mendukung langkah-langkah pemerintah daerah se-karesidenan Cirebon menuju Good Corporate Governance. Universitas CIC sejak tahun 2005 telah mendapatkan akreditasi dari BAN-PT(Badan Akreditasi Perguruan Tinggi) untuk 4 (empat) program studi yang ada di lingkungan STMIK CIC,yaitu Program Studi Sistem Informasi, Program Studi Teknik Informatika, Program Studi Manajemen Informatika dan Program Studi Komputerisasi Akuntansi, sehingga STMIK CIC menjadi satu-satunya Perguruan Tinggi Komputer yang semua program studinya terakreditasi oleh BAN-PT dan proaktif untuk terus melakukan re-akreditasi pada setiap program studi yang ada di"
"visi_misi_tujuan_universitas_cic_0","visi_misi","visi misi tujuan universitas","Visi Misi & Tujuan - Universitas CIC","Universitas CIC juga menjalankan perannya sebagai Knowledge based dengan melakukan kerjasama-kerjasama dengan dunia usaha dan industri serta pemerintah daerah se-karesidenan Cirebon,   baik berupa kajian kurikulum berbasis PBL (Problem Based Learning), pengiriman tenaga praktisi untuk mengajar di Universitas CIC maupun penyaluran mahasiswa/i untuk praktek kerja lapang   dan menyerap lulusan Universitas CIC serta menjadikan lulusan Universitas CIC sebagai wirausaha tangguh di era global. Untuk mewujudkan hal tersebut Universitas CIC    memiliki visi, misi, serta tujuan yaitu sebagai berikut : ""Menjadi universitas yang berorientasi dalam bidang teknologi dan kewirausahaan, untuk mendukung masyarakat daerah dengan menghasilkan lulusan yang marnpu untuk menanggapi perubahan jaman."" 1. Menyelenggarakan pengajaran yang berfokus untuk menghasilkan lulusan-lulusan yang mampu untuk menanggapi perubahan jaman. 2. Mendukung dan menciptakan lingkungan yang positif untuk pembelajaran, inovasi, dan penerapan dalam bidang teknologi dan kewirausahaan. 3. Menjalankan aktivitas Tri Dharma untuk memberikan kontribusi terhadap masyarakat daerah. 4. Menyelenggarakan pendidikan tinggi yang terjangkau dalam memperluas akses pendidikan di masyarakat daerah. Tujuan strategis institusi dirumuskan dalam Rencana Strategis Perguruan Tinggi Universitas Catur Insan Cendekia, tujuan strategis yang ingin dicapai Universitas CIC adalah : 1. Menghasilkan mahasiswa yang unggul dan berprestasi di tingkat nasional serta memiliki jiwa technopreneur. 2. Menghasilkan sistem pembelajaran yang bermutu berbasis teknologi informasi. 3. Menghasilkan dosen dan tenaga kependidikan yang bermutu dan kompeten dalam bidangnya. 4. Menghasilkan penelitian dosen yang berkualitas dan memberi kontribusi bagi pengembangan riset di Indonesia. 5. Menciptakan suasana akademik yang kondusif bagi pengembangan penelitian di institusi. 6. Memberikan kontribusi positif bagi masyarakat melalu kegiatan pengabdian kepada masyarakat y"
"sejarah_cic_universitas_cic_0","profil","sejarah universitas","Sejarah CIC - Universitas CIC","CIC mulai didirikan pada tahun 1984 sebagai lembaga pendidikan kursus dan pelatihan. Pada tahun 1994, CIC mendirikan Akademi Perdagangan Widya Dharma. Kemudian Lembaga pendidikan CIC berkembang dengan mendirikan Sekolah Tinggi Manajemen Informatika dan Komputer (STMIK) Catur Insan Cendekia pada 1999. Pada tahun 2006 Akademi Perdagangan Widya Dharma berubah nama menjadi Akademi Perdagangan CIC. Universitas Catur Insan Cendekia (UCIC) merupakan hasil penggabungan antara Akademi Perdagangan Catur Insan Cendekia dan Sekolah Tinggi Manajemen Informatika Komputer (STMIK) CIC pada tahun 2019, dan mendapat pengesahan dengan terbitnya Surat Keputusan Menteri Riset, Teknologi dan Pendidikan Tinggi Republik Indonesia Nomor 952/KPT/I/2019 tertanggal 10 Oktober 2019. UCIC saat ini memiliki 2 Fakultas, yaitu Fakultas Ekonomi dan Bisnis serta Fakultas Teknologi Informasi. Universitas Catur Insan Cendekia (UCIC) sebagai holding bagi unit bisnis dan usaha yang ada di bawahnya. UCIC saat ini memiliki ekosistem di bidang pendidikan, kemanusiaan atau sosial, dan Unit bisnis yang mendukung pelaksanaan kegiatan Tridharma Perguruan Tinggi serta menjadi other income bagi UCIC. Di bidang pendidikan, terdapat Sekolah Pelita Bangsa Cambridge International School dari jenjang Playgroup hingga SMA dengan status akreditasi A pada setiap jenjang yang didirikan pada tahun 2006, International Language school EF English First Kota Cirebon yang didirikan pada tahun 1997, Enspire School of Digital Art (ESDA) pada 2019, dan Code First yang didirikan pada 2020. Di bidang Sosial dan Kemasyarakatan terdapat Harapanku Insan Sejahtera yang didirikan pada tahun 2001, yang membantu masyarakat disabilitas, dan mendampingi serta melatih kemandirian anak-anak Down Syndrome melalui Griya Karya Harapanku. Di bidang unit bisnis terdapat Bisnis Properti berupa Perumahan Taman Cipto yang didirikan pada 2006 dan Perumahan Taman Wahidin yang didirikan pada 1996. Bisnis lainnya adalah Sport Center Taman Cipto, Sport Cen"
"program_studi_teknik_informatika_univers_0","akademik","program studi teknik informatika universitas","Program Studi Teknik Informatika - Universitas CIC","Program Studi Teknik Informatika memberikan penguasaan dan kemampuan kepada mahasiswa untuk membangun dan mengembangkan berbagai aspek teknis teknologi informasi. Penekanan dari program studi ini adalah pada bidang pemrograman dan komputasi, rekayasa perangkat lunak untuk berbagai bidang aplikasi dalam berbagai bidang usaha, dan teknologi jaringan komputer. Selain itu program studi ini memberikan bidang-bidang ilmu yang berkaitan dengan pengembangan sistem informasi dan pemanfaatan teknologi lainnya dengan tujuan dapat meningkatkan efisiensi kerja di berbagai bidang usaha yang menerapkan komputerisasi. Program Studi Teknik Informatika akan memberikan bekal kepada mahasiswa untuk mampu melakukan analisa dan perancangan komputasi, melakukan rekayasa perangkat lunak untuk meningkatkan performance perangkat lunak, dan penguasaan dalam teknik-teknik optimasi perangkat lunak. Secara garis besar materi perkuliahan pada program studi ini disesuaikan dengan kurikulum nasional dan mengacu kepada kebutuhan pasar dunia kerja yang dapat dikelompokkan menjadi : Program Studi Teknik Informatika dengan jenjang pendidikan Strata Satu (S1) dilaksanakan dalam 8 Semester dengan jumlah total SKS (Satuan Kredit Semester) 144 SKS"
"program_studi_sistem_informasi_universit_0","akademik","program studi sistem informasi universitas","Program Studi Sistem Informasi - Universitas CIC","Program studi Sistem Informasi ini lebih berfokus pada hal-hal yang terkait dengan pengelolaan informasi dalam organisasi untuk mendukung pencapaian tujuan organisasi. Sistem Informasi mempelajari berbagai aspek mencakup perencanaan Sistem Informasi, perancangan Sistem Informasi, pembangunan Sistem Informasi, operasional Sistem Informasi, evaluasi Sistem Informasi. Jadi para profesional di bidang Sistem Informasi harus dapat memahami faktor-faktor orang, proses bisnis dan teknologi dari suatu organisasi, dan harus dapat membantu organisasi tersebut untuk menentukan bagaimana informasi dan proses bisnis yang didukung oleh teknologi dapat menjadi landasan untuk unjuk kinerja yang tinggi dari organisasi tersebut. Para profesional Sistem Informasi menjadi jembatan antara kelompok teknis dan bisnis dalam organisasi tersebut Lulusan Program Studi Sistem Informasi UCIC memiliki kesempatan untuk bekerja di berbagai tempat antara lain (namun tidak terbatas): Perusahaan Swasta, BUMD dan BUMN, Perusahaan Internasional, Perusahaan Start-up. Namun selain secara langsung bekerja, lulusan bisa melanjutkan sekolah S2. Beberapa profesi/pekerjaan lulusan adalah sebagai berikut: 1.	Kerjasama dengan Indurstri dan Instansi Pendidikan. 			2.	Kurikulum mengacu Standart Pendidikan Tinggi. 			3.	Metode Pembelajaran Uptodate. 			4.	Dosen & Praktisi Berkompeten. 			5.	Lulusan dibekali Sertifikat."
"program_studi_desain_komunikasi_visual_u_0","akademik","program studi desain komunikasi visual universitas","Program Studi Desain Komunikasi Visual - Universitas CIC","Perkembangan komputer dan teknologi informasi yang begitu pesat dalam masa 20 tahun terakhir perlu diimbangi dengan ketersediaan sumber daya manusia yang profesional didaerah. Menjawab tantangan kebutuhan tersebut Universitas CIC turut berpartisipasi dengan menyelenggarakan program studi Desain Komunikasi Visual sejak setahun yang lalu. Menyongsong datangnya milenium baru dan era pasar bebas, tantangan dan persaingan kerja dalam bidang teknologi informasi akan semakin ketat. Tenaga kerja yang profesional dengan daya saing tinggi menjadi keharusan."
"program_studi_manajemen_informatika_univ_0","akademik","program studi manajemen informatika universitas","Program Studi Manajemen Informatika - Universitas CIC","Program studi Manajemen Informatika adalah program Studi yang dirancang untuk menghasilkan lulusan yang memiliki spesialisasi dalam bidang teknologi informasi. Manajemen Informatika UCIC merupakan Program Studi Diploma 3 pada Fakultas Teknologi Informasi (FTI). Manajemen Informatika D3 UCIC lebih banyak Praktik dan berfokus pada pengembangan skill Manjemen, Programming dan Design menggunakan Teknologi Informasi. MI- UCIC mempunyai kurikulum terupdate dan program Proyek Magang pada industri BUMN/Swasta dengan sertifikat keahlian sehingga prosfek panerimaan pada dunia kerja nya sangat Luas."
"program_studi_komputerisasi_akutansi_uni_0","akademik","program studi komputerisasi akutansi universitas","Program Studi Komputerisasi Akutansi - Universitas CIC","Perkembangan teknologi informasi di bidang akuntansi, terutama produk-produk software yang berguna untuk proses akuntansi di perusahaan semakin banyak dan semakin membutuhkan tenaga-tenaga yang memang ahli dalam penggunaan serta pembuatan software tersebut. Keahlian dan kemampuan dalam bidang sistem informasi akuntansi mutlak dan tidak bisa ditawar lagi serta siap bekerja dalam mengoperasikan dan mengembangkan sistem informasi akuntansi, dan mengembangkan diri serta mengikuti perkembangan ilmu dan teknologi, itulah sebenarnya yang menjadi tujuan dari tujuan program Komputer Akuntansi. Program Studi Komputer Akuntansi dengan jenjang pendidikan Diploma Tiga (D3) ini dilaksanakan dalam 6 Semester dengan jumlah total SKS (Satuan Kredit Semester) 113"
"program_studi_manajemen_universitas_cic_0","akademik","program studi manajemen universitas","Program Studi Manajemen - Universitas CIC","Di pebisnis yang sukses pasti ada kendala yang harus dilalui sebelumnya.  Dengan mengikuti proses pembelajaran di  Prodi Manajemen Universitas  Catur Insan Cendekia, mahasiswa dilatih  untuk selalu mencari solusi inovatif dalam menanggapi setiap tantangan bisnis yang dihadapi. Proses  pembelajaran di Prodi Manajemen dirancang untuk mempersiapkan mahasiswa  dengan kompetisi global ke depan. Melalui pendekatan blanded learning, mahasiswa  menjalani pembelajaran dan mencerminkan pembelajaran mereka ke dalam  konseptualisasi. Pendekatan ini menuntun siswa untuk memecahkan akar masalah  melalui kerangka kerja pembelajaran berbasis project. Mahasiswa Program Bisnis  S1 juga diundang ke berbagai kegiatan belajar yang meningkatkan keterampilan,  pengetahuan, dan sikap mereka. mahasiswa akan mengalami studi kasus,  perusahaan, dan kunjungan awal, perencanaan bisnis, simulasi bisnis, dan project  kewirausahaan lainnya yang bertujuan untuk menghasilkan kreativitas dan inovasi  siswa. Proses pembelajaran Program Manajemen membiasakan mahasiswa dengan  suasana kerja dan bisnis. Situasi ini akan mensimulasikan sensitivitas proses  bisnis mahasiswa dan memberikan mereka keterampilan pengambilan keputusan yang  bijaksana. Peluang karir  untuk lulusan sangat terbuka lebar seperti Entrepreneur, Professional in  Business Development Area, Business Planning, Business Analyst, Management  & Business Consultant, Small Business, Manager, Business Advisor, Business  Researcher, Business Economist, General Management, Administrative Manager,  Executive Manager, Project Manager, Trade Manager, etc. Program Studi Manajemen dengan jenjang pendidikan Sarjana (S1) ini dilaksanakan dalam 8 Semester dengan jumlah total SKS (Satuan Kredit Semester) 144 Entrepreneur, Professional in Business Development Area, Business Planning, Business Analyst, Management & Business Consultant, Small Business, Manager, Business Advisor, Business Researcher, Business Economist, General Management, Administrative Man"
"program_studi_akuntansi_universitas_cic_0","akademik","program studi akuntansi universitas","Program Studi Akuntansi - Universitas CIC","Program Studi Akuntansi  merupakan bagian dari Fakultas Ekonomi dan Bisnis Universitas Catur Insan  Cendekia. Program Studi Akuntansi menjadi salah satu jawaban atas meningkatnya  kebutuhan Akuntan di Indonesia saat ini. Akuntansi sangat memegang peranan penting  dalam dunia bisnis. Tak heran jika ada istilah business language yang menjadi sebutan untuk akuntansi. Setiap  organisasi bisnis sudah tentu membutuhkan akuntansi. Hal ini menunjukan bahwa  selama masih ada bisnis, tenaga akuntansi jelas masih dibutuhkan. Program Akuntansi ini  menekankan penerapan pengetahuan dan keterampilan akuntansi dengan pemahaman  yang lebih baik tentang perspektif proses bisnis. Beberapa pengembangan  soft-skill juga diberikan di sepanjang kursus, seperti keterampilan komunikasi  yang efektif, kerja tim, keterampilan pemecahan masalah, dan kesadaran sosial. Salah satu kemampuan yang  harus dimiliki pemimpin bisnis adalah kemampuan manajemen keuangan. Akuntansi  adalah salah satu program yang menawarkan kelengkapan yang seimbang antara  kemampuan manajemen keuangan dan keterampilan manajemen bisnis untuk berbagai  industri atau bidang.                 Karena keputusan penting  dibuat berdasarkan kemampuan perusahaan untuk menghasilkan laba maksimum, dan  karena manajemen perlu mempertanggungjawabkan laporan pertanggungjawabannya  kepada investor dan regulator, akuntansi memang memainkan peran yang sangat  penting. Tidak mengherankan bahwa banyak sekali CEO, lahir, dan akan lahir dari  latar belakang akuntansi.                   Lulusan program ini akan menguasai knowladge dan skill  Akuntansi yang diperlukan, memahami proses bisnis yang mendasarinya serta  penilaian bisnis dasar yang sehat, diharapkan menjadi akuntan profesional yang  dapat membantu dan memberikan informasi keuangan yang tepat dan berguna untuk  manajemen organisasi perusahaan dalam membuat keputusan yang lebih baik. Peluang karir untuk lulusan sangat terbuka lebar karena akuntansi adalah fungsi yang sangat dibutuhka"
"program_studi_manajemen_bisnis_universit_0","akademik","program studi manajemen bisnis universitas","Program Studi Manajemen Bisnis - Universitas CIC","Program Manajemen Bisnis  merupakan bagian dari Fakultas Ekonomi dan Bisnis Universitas Catur Insan  Cendekia. Program Studi Manajemen Bisnis menjadi salah satu jawaban atas meningkatnya  kebutuhan Akuntan di Indonesia saat ini. Akuntansi sangat memegang peranan penting  dalam dunia bisnis. Tak heran jika ada istilah business language yang menjadi sebutan untuk akuntansi. Setiap  organisasi bisnis sudah tentu membutuhkan manajemen bisnis. Hal ini menunjukan bahwa  selama masih ada bisnis, tenaga akuntansi jelas masih dibutuhkan. Program Manajemen Bisnis ini  menekankan penerapan pengetahuan dan keterampilan akuntansi dengan pemahaman  yang lebih baik tentang perspektif proses bisnis. Beberapa pengembangan  soft-skill juga diberikan di sepanjang kursus, seperti keterampilan komunikasi  yang efektif, kerja tim, keterampilan pemecahan masalah, dan kesadaran sosial. Salah satu kemampuan yang  harus dimiliki pemimpin bisnis adalah kemampuan manajemen keuangan. Akuntansi  adalah salah satu program yang menawarkan kelengkapan yang seimbang antara  kemampuan manajemen keuangan dan keterampilan manajemen bisnis untuk berbagai  industri atau bidang.                 Karena keputusan penting  dibuat berdasarkan kemampuan perusahaan untuk menghasilkan laba maksimum, dan  karena manajemen perlu mempertanggungjawabkan laporan pertanggungjawabannya  kepada investor dan regulator, akuntansi memang memainkan peran yang sangat  penting. Tidak mengherankan bahwa banyak sekali CEO, lahir, dan akan lahir dari  latar belakang akuntansi.                   Lulusan program ini akan menguasai knowladge dan skill  Akuntansi yang diperlukan, memahami proses bisnis yang mendasarinya serta  penilaian bisnis dasar yang sehat, diharapkan menjadi akuntan profesional yang  dapat membantu dan memberikan informasi keuangan yang tepat dan berguna untuk  manajemen organisasi perusahaan dalam membuat keputusan yang lebih baik. Peluang karir untuk lulusan  sangat terbuka lebar karena akuntansi adalah fungs"
"informasi_pengumuman_universitas_cic_0","pengumuman","informasi pengumuman universitas","Informasi / Pengumuman Universitas CIC","Semester Pendek Tahun Akademik 2024/2025 Berikut informasi untuk Semester Pendek Tahun Akademik 2024/2025 dengan ketentuan sebagai berikut : 1. Pendaftaran SP tgl 25-30 Juli 2025 2. Pengisian KRS dan Pembayaran SP tgl ..... UAS Semester Genap Tahun Akademik 2024/2025 Ujian Akhir Semester Genap Tahun Akademik 2024/2025 akan dilaksanakan dari tanggal 28 Juli - 04 Agustus 2025. Untuk Jadwal dan Pelaksanaan UAS ..... Libur Nasional dan Cuti Bersama Hari “Raya Idul Fitri 1446 Hijriah"" Diberitahukan kepada seluruh Mahasiswa dan Mahasiswi Universitas Catur Insan Cendekia, Sehubungan dengan Libur Nasional dan Cuti Bersama Hari “Raya Idul Fitri 1446 Hijriah” Tahun 2025. ..... Pelaksanaan Her-Registrasi Pengisian KRS dan Awal Perkuliahan Semester Genap Her-Registrasi dan Pengisian KRS dilaksanakan mulai dari tanggal 10 - 15 Maret 2025 Awal Perkuliahan Semester Genap Tahun Akademik 2024/2025 dimulai pada tanggal 17 Maret 2025 Dalam rangka menyambut Bulan Suci Ramadhan 1446 H. Dengan ini diberitahukan kepada seluruh Dosen, Mahasiswa, dan Karyawan Universitas Catur Insan Cendekia bahwa :"
"informasi_artikel_berita_seputar_univers_0","berita","informasi, artikel berita seputar universitas","Informasi, Artikel & Berita Seputar Universitas CIC","Program Studi Sistem Informasi UCIC Raih Akreditasi “Baik Sekali” dari LAM INFOKOM Cirebon, 9 April 2025 – Kabar menggembirakan datang dari Program Studi Sistem Informasi Universitas Catur Insan Cendekia (UCIC). Berdasarkan Keputusan LAM INFOKOM No. 077/SK/LAM-INFOKOM/Ak/S/IV/2025, program ..... Call For Paper 4th Internasional Conference ICCIT 2025 Calling All researchers, Students, and Lecturers Opportunity to shine in the global academic spotlight! Present your research and get it indexed in Scopus and publish in IEEE ..... Rektor dan Civitas Akademika Universitas Catur Insan Cendekia mengucapkan Selamat Menjalankan Ibadah Puasa di bulan suci Ramadhan 1446 H/2025 M.  Semoga bulan yang penuh berkah ini ..... EMOVICS 2025 Wadah Kreativitas Mahasiswa CIC dalam Membuat Film Acara EMOVICS 2025 yang sangat dinantikan telah berhasil menampilkan serangkaian film pendek luar biasa karya mahasiswa dari Universitas Catur Insan Cendekia (UCIC). Acara yang ..... Pameran UAS Semester Ganjil Tahun Akademik 2024-2025 Saatnya menyaksikan kreativitas tanpa batas dari mahasiswa DKV UCIC! ???? Dari karya desain hingga film inspiratif, semua siap dipamerkan dalam Pameran UAS Semester Ganjil 2024/2025.  27 ....."
"kegiatan_seputar_universitas_cic_0","kegiatan","kegiatan seputar universitas","Kegiatan Seputar Universitas CIC","FTI UCIC Lakukan Benchmarking Kurikulum ke FSI UNJANI: Sinergi Menuju Kurikulum Adaptif dan Kolaboratif Bandung, 25 Juni 2025 – Dalam rangka meningkatkan kualitas pembelajaran dan kesesuaian kurikulum dengan kebutuhan dunia industri dan perkembangan teknologi, Fakultas Teknologi dan Informatika Universitas ..... UCIC Gelar Soft Opening Campus Hub: Semarak 3 Hari untuk Sambut Inovasi dan Kolaborasi Cirebon, 27–29 Mei 2025 – Universitas Catur Insan Cendekia (UCIC) bersiap menyambut babak baru dalam pengembangan fasilitas kampus melalui agenda Soft Opening UCIC Campus Hub, ..... UCIC Laksanakan Asesmen Lapangan LAMEMBA untuk Program Studi D3 Manajemen Bisnis Cirebon, 4 Maret 2025 – Universitas Catur Insan Cendekia (UCIC) menjalani proses penting dalam peningkatan mutu pendidikan melalui asesmen lapangan akreditasi LAMEMBA untuk Program Studi ..... Program Studi Sistem Informasi UCIC Jalani Asesmen Lapangan untuk Akreditasi Cirebon, 14 Maret 2025 – Universitas Catur Insan Cendekia (UCIC) sukses melaksanakan asesmen lapangan dalam rangka akreditasi Program Studi Sistem Informasi pada Jumat (14/3). Kegiatan ..... Pendampingan Ilustrasi AI: Mahasiswa UCIC Dibekali Keterampilan Desain Berbasis Teknologi Cirebon, 14 Maret 2025 – Universitas Catur Insan Cendekia (UCIC) terus berinovasi dalam mengembangkan keterampilan mahasiswa di bidang teknologi kreatif. Salah satu upayanya diwujudkan melalui ....."